2,赵四,还在编写中.....
1,李四,## 配置文件基本语法
3,赵四,## 配置文件基本语法
4,李四,start:整数，step：整数
5,赵四,"可选输出类型：int,float,string"
7,张三,"用法：enum(e1,e2,e3,e4)"
6,赵四,### 3.enum_file
9,赵四,"可选输出类型：int,float,string"
8,赵四,用于从文件中抽取数据随机枚举
11,张三,用于随机从枚举的量中抽取数据
10,王五,文件中的数据换行隔开，忽略空行
12,赵四,用于生成一串数列
13,张三,"可选输出类型：int,float,string"
14,王五,### 1.increase
15,张三,用于生成一串数列
16,李四,start:整数，step：整数
17,李四,用于生成一串数列
18,张三,还在编写中.....
19,王五,start:整数，step：整数
20,王五,# Data Faker
21,张三,灵感来源于https://github.com/gangly/datafaker
22,李四,文件中的数据换行隔开，忽略空行
23,张三,# Data Faker
24,赵四,# Data Faker
25,赵四,"用法: increase(start,step)"
26,李四,"可选输出类型：int,string"
27,王五,start:整数，step：整数
29,王五,变量名||输出类型||生成规则
28,王五,还在编写中.....
30,赵四,## 目前正在编写的生成规则
31,王五,变量名||输出类型||生成规则
32,张三,变量名||输出类型||生成规则
33,李四,start:整数，step：整数
34,王五,用于随机从枚举的量中抽取数据
35,王五,文件中的数据换行隔开，忽略空行
36,王五,灵感来源于https://github.com/gangly/datafaker
37,王五,### 3.enum_file
39,赵四,### 2.enum
38,王五,用于从文件中抽取数据随机枚举
41,李四,一个用Rust编写的制造测试数据的小工具
40,李四,"可选输出类型：int,float,string"
43,王五,用于随机从枚举的量中抽取数据
44,张三,用于生成一串数列
45,赵四,# Data Faker
46,张三,变量名||输出类型||生成规则
47,王五,### 1.increase
48,赵四,"用法：enum(e1,e2,e3,e4)"
49,李四,# Data Faker
50,张三,用于生成一串数列
42,李四,"用法: increase(start,step)"
51,李四,"用法: increase(start,step)"
52,王五,start:整数，step：整数
54,李四,用于随机从枚举的量中抽取数据
53,张三,变量名||输出类型||生成规则
55,张三,### 3.enum_file
56,李四,一个用Rust编写的制造测试数据的小工具
57,赵四,## 目前正在编写的生成规则
58,李四,start:整数，step：整数
59,李四,用于从文件中抽取数据随机枚举
60,王五,# Data Faker
61,李四,"可选输出类型：int,string"
62,张三,## 目前正在编写的生成规则
63,李四,"可选输出类型：int,float,string"
64,李四,"可选输出类型：int,float,string"
66,王五,"用法: increase(start,step)"
65,赵四,## 目前正在编写的生成规则
67,王五,start:整数，step：整数
68,李四,"可选输出类型：int,string"
69,王五,"用法：enum(e1,e2,e3,e4)"
70,赵四,"可选输出类型：int,float,string"
71,李四,一个用Rust编写的制造测试数据的小工具
72,赵四,## 配置文件基本语法
73,李四,用于从文件中抽取数据随机枚举
74,李四,"用法: increase(start,step)"
75,张三,### 1.increase
76,赵四,"可选输出类型：int,float,string"
77,张三,### 3.enum_file
78,王五,# Data Faker
79,张三,用于生成一串数列
81,李四,## 目前正在编写的生成规则
82,张三,"可选输出类型：int,float,string"
83,李四,"可选输出类型：int,float,string"
80,王五,## 配置文件基本语法
85,李四,用于从文件中抽取数据随机枚举
86,赵四,灵感来源于https://github.com/gangly/datafaker
84,李四,用于生成一串数列
87,赵四,start:整数，step：整数
88,张三,"用法：enum(e1,e2,e3,e4)"
89,王五,"可选输出类型：int,float,string"
90,赵四,### 3.enum_file
91,张三,用于随机从枚举的量中抽取数据
92,李四,### 1.increase
93,王五,### 2.enum
94,李四,## 配置文件基本语法
95,李四,### 2.enum
96,李四,"用法：enum(e1,e2,e3,e4)"
97,李四,## 目前正在编写的生成规则
98,张三,"可选输出类型：int,float,string"
99,李四,用于随机从枚举的量中抽取数据
100,李四,## 目前正在编写的生成规则
